id,name,state,type,prompt
coll-tribal-cultures,Tribal Cultures Collection,Northeast India,collection-cover,"Photorealistic photograph of a tribal festival scene — Naga warriors in traditional ceremonial dress with feathered headdresses and spears, intricate beaded necklaces, a log drum being beaten in background, community gathering in a mountain village clearing, Northeast India tribal heritage, travel photography, no text, cinematic 16:9"
dwadasa-jyotirlinga,12 Jyotirlingas Collection,Pan India,collection-cover,"Photorealistic photograph of a sacred Shiva lingam in a stone sanctum at golden hour — single oil-lamp glow on ancient carved granite, brass pradakshina railing in soft focus foreground, hint of saffron-clad pujari's robe at the edge, Himalayan Kedarnath-style temple shikhara visible through open door at upper right, the cross-India Jyotirlinga pilgrimage gravitas, no text, cinematic 16:9"
pancha-bhoota-stalams,Pancha Bhoota Stalams Collection,Tamil Nadu,collection-cover,"Photorealistic photograph of Chidambaram Nataraja Temple's east gopuram at first light — ten-tier Dravidian sandstone tower catching golden dawn, white-and-red kolam rangoli at the base, brass oil lamps in foreground, the empty sky-element sanctum just visible through the temple's open inner hall, Tamil Nadu temple-town atmosphere, no text, cinematic 16:9"
sapta-puris,Sapta Puris Collection,Pan India,collection-cover,"Photorealistic dawn photograph of Varanasi's Manikarnika Ghat from a boat on the Ganga — saffron-clad sadhus performing pre-dawn aarti with rising thin smoke, brass diya lamps floating downstream, the famous tiered shikharas of multiple temples climbing the bank, soft mist on the river, the moksha-cities cosmology in one frame, no text, cinematic 16:9"
original-char-dham,Original Char Dham Collection,Pan India,collection-cover,"Photorealistic photograph of Badrinath temple at dawn — the colourful Tibetan-Buddhist-influenced primary-coloured wooden facade unmistakable, the snow-capped Neelkanth peak (6,597m) framing the temple from behind, Alaknanda River foreground in soft focus, devotees in white queueing on the stone steps, no text, cinematic 16:9"
mahabharata-trail,Mahabharata Trail Collection,Pan India,collection-cover,"Photorealistic dawn photograph of Kurukshetra's Brahma Sarovar tank — geometrically stepped ghats reflecting an orange sky, a stone akshauhini-style chariot replica on the far bank, lone pilgrim in saffron performing pradakshina, Jyotisar's banyan-tree silhouette in the distance, the 18-day battlefield gravitas, no text, cinematic 16:9"
major-shakti-peethas,Major Shakti Peethas Collection,Pan India,collection-cover,"Photorealistic photograph of Kamakhya Temple's distinctive beehive-shaped rust-red sikhara at dawn — the Nilachal Hill temple wrapped in soft dawn mist, devotees in red sarees climbing the stone steps with marigold offerings, Brahmaputra valley spreading below, the doubled-bee-hive shikhara silhouette unmistakable, no text, cinematic 16:9"
caves-of-india,Caves of India Collection,Pan India,collection-cover,"Photorealistic photograph of Ellora's Cave 16 (Kailasa) from above — the world's largest single monolithic excavation, the eight-storey rock-carved temple complex at the floor of the open quarry, dawn light catching the tower's intricate sculpture, Aurangabad plain stretching beyond, no text, cinematic 16:9"
iconic-train-journeys,Iconic Train Journeys Collection,Pan India,collection-cover,"Photorealistic photograph of the Darjeeling Himalayan Railway B-class steam locomotive on a horseshoe loop — engine puffing white steam against a mist-veiled tea-estate slope, narrow-gauge track curving in the foreground, Kanchenjunga (8,586m) snow-capped on the horizon, autumn Darjeeling morning, no text, cinematic 16:9"
ramayana-trail,Ramayana Trail Collection,Pan India,collection-cover,"Photorealistic dawn photograph of Ayodhya's new Ram Mandir spire above the Sarayu River mist — the 360ft sandstone sikhara catching first light, devotees in saffron crossing a stone ghat, the temple's three-tier mandap visible through the mist, January post-consecration period, no text, cinematic 16:9"
christian-heritage-trail,Christian Heritage Trail Collection,Pan India,collection-cover,"Photorealistic photograph of Old Goa's Basilica of Bom Jesus at golden hour — the 1605 Portuguese baroque facade in red-brown laterite catching evening light, the central rose window and the dual bell towers, palm trees framing left and right, the silver casket of St. Francis Xavier just visible through the open door, no text, cinematic 16:9"
astavinayak-yatra,Astavinayak Yatra Collection,Maharashtra,collection-cover,"Photorealistic photograph of the Ranjangaon Mahaganapati temple at Surya-Sankranti dawn — engineered alignment captures the rising sun's rays falling directly through the temple's eastern doorway onto the seated Ganesha idol, oil lamps lit on the mandap pillars, devotees in white awaiting darshan, golden dawn light, no text, cinematic 16:9"
tiruvannamalai,Tiruvannamalai,Tamil Nadu,destination-hero,"Photorealistic dawn aerial photograph of sacred Arunachala Hill at Tiruvannamalai — the 1,055m granite mound rising from the Tamil plain, the nine-gopuram Annamalaiyar Temple complex (10 hectares) at the foot, full-moon Girivalam pilgrims in white circumambulating the 14km base path, fire-element Pancha Bhoota sanctity, soft Tamil-Nadu pre-summer light, no text, cinematic 16:9"
karla-bhaja-caves,Karla & Bhaja Caves,Maharashtra,destination-hero,"Photorealistic photograph of Karla's Great Chaitya hall interior — 45m-long 1st-century BCE Buddhist nave with 37 octagonal rock-cut pillars converging on the stone stupa, soft amber light filtering through the lunette window above the entrance, oil lamps placed at the stupa base, archaeological gravity, no text, cinematic 16:9"
kanheri-caves,Kanheri Caves,Maharashtra,destination-hero,"Photorealistic aerial photograph of the Kanheri basalt cliff inside Mumbai's Sanjay Gandhi National Park — 109 Buddhist rock-cut caves staircased into the rock face, the 26m Cave 3 chaitya entrance with twin Buddhas visible, dense moist-deciduous forest reclaiming older steps, the Mumbai metro skyline visible 7km east through haze, golden afternoon urban-jungle contrast, no text, cinematic 16:9"
borra-caves,Borra Caves,Andhra Pradesh,destination-hero,"Photorealistic photograph inside Borra Caves' main chamber — 150m-deep limestone karst illuminated by amber LED lighting, stalactites and stalagmites converging in a Shiva-lingam-shaped natural formation, an underground stream catching the ambient glow, the natural sanctity that drew the local Jatapu and Khond tribes, no text, cinematic 16:9"
katra,Katra,Jammu & Kashmir,destination-hero,"Photorealistic dawn photograph of Katra base town in J&K — pony-trail and ropeway pilgrim service buildings in foreground, the 13km uphill trail to Vaishno Devi cave shrine winding through the Trikuta Hills above, hundreds of saffron-clad pilgrims in batches at the Banganga checkpost, Shivalik range silhouette beyond, soft thin-air morning light, no text, cinematic 16:9"
astavinayak-circuit,Astavinayak Circuit,Maharashtra,destination-hero,"Photorealistic photograph of a swayambhu Ganesha temple shikhara at dawn — Maratha-era stone construction in the Astavinayak architectural style, golden marigold garland draping the entrance, brass deepak lamps lit on the mandap, hint of Pune-area Sahyadri foothills in soft-focus background, the Astavinayak pilgrim energy, no text, cinematic 16:9"
morgaon,Morgaon,Maharashtra,destination-hero,"Photorealistic photograph of the Mayureshwar temple at Morgaon — the tortoise-shaped fortified compound with four corner minarets on the bank of the Karha River, devotees in white dhoti queueing at the eastern gate at dawn, Pune-district village atmosphere, soft golden morning light, no text, cinematic 16:9"
siddhatek,Siddhatek,Maharashtra,destination-hero,"Photorealistic aerial photograph of Siddhivinayak temple on its Bhima River island at Siddhatek — small east-facing temple with white dome at the centre of the river-braided island, the Daund road bridge connecting from the west, dry Ahmednagar plain stretching to the horizon, golden afternoon light, no text, cinematic 16:9"
pali-raigad,Pali (Raigad),Maharashtra,destination-hero,"Photorealistic photograph of the Ballaleshwar temple at Pali in Raigad — east-facing 1760 stone reconstruction with tiered Maratha shikhara, surrounding Sahyadri-foothill village houses with red-tile roofs, soft Konkan-foothill morning light, devotees on the stone steps in white, no text, cinematic 16:9"
mahad-raigad,Mahad (Raigad — Ashtavinayak),Maharashtra,destination-hero,"Photorealistic interior photograph of the Varadvinayak sanctum at Mahad — the Nandadeep oil lamp burning continuously since 1892 in the lower foreground, the Ganesha idol on a raised brass throne behind, light catching the sanctum's mirrored ceiling, Khopoli-area village hush at dawn, no text, cinematic 16:9"
theur,Theur,Maharashtra,destination-hero,"Photorealistic dawn photograph of the Chintamani temple at Theur — the Peshwa-era stone tank reflecting an orange sky, Madhavrao Peshwa's expansion gates visible on the right, the temple's tiered mandap mirrored in the water, the Bhima-Mula-Mutha river confluence visible at the rear, no text, cinematic 16:9"
lenyadri,Lenyadri,Maharashtra,destination-hero,"Photorealistic photograph of the Lenyadri rock-cut caves above Junnar — 30 chambers staircased into the basalt cliff, Cave 7 (Girijatmaj Ganesha shrine, the only Astavinayak inside a Buddhist cave) marked by saffron flags at the climb's top, the 283-step pilgrim trail snaking up the slope, golden afternoon Sahyadri light, no text, cinematic 16:9"
ozar,Ozar,Maharashtra,destination-hero,"Photorealistic dawn photograph of the gold-plated Vighnahar temple shikhara at Ozar in Junnar taluka — the gilded dome catching first light from across the Kukadi River, Bajirao-Peshwa-era stone steps to the river ghat in foreground, mist on the water, no text, cinematic 16:9"
ranjangaon,Ranjangaon,Maharashtra,destination-hero,"Photorealistic photograph of the Mahaganapati temple at Ranjangaon at Surya-Sankranti dawn — engineered alignment captures the rising sun's rays falling directly through the eastern doorway onto the seated Ganesha idol's face, oil lamps lit on the mandap pillars, devotees in white awaiting darshan, golden dawn light, no text, cinematic 16:9"
