"format_id","post_type","platform","pillar","inspired_by","hook_template","caption_template","cta_template","data_inputs","pomelli_prompt","image_prompt","video_prompt","asset_aspect","max_freq_per_month","notes"
"v3_tl_editorial_listicle","carousel","ig+fb","discovery","Travel + Leisure","10 {category_plural} in India where {differentiator}.","Yes — actually {differentiator}. These ten {category_plural} in {state_list} are verified open this month.

Swipe through. Ranked by NakshIQ score for {month_name}, not by Tripadvisor.

Byline: NakshIQ desk · verified {verification_date}.","Save this. Comment LIST for the booking note DM.","category_plural|differentiator|state_list|month_name|verification_date|item_1_name|item_1_score|item_1_one_line|item_2_name|item_2_score|item_2_one_line|item_3_name|item_3_score|item_3_one_line|item_4_name|item_4_score|item_4_one_line|item_5_name|item_5_score|item_5_one_line|item_6_name|item_6_score|item_6_one_line|item_7_name|item_7_score|item_7_one_line|item_8_name|item_8_score|item_8_one_line|item_9_name|item_9_score|item_9_one_line|item_10_name|item_10_score|item_10_one_line","12-slide 1:1 carousel. Slide 1 hero: hand-drawn India map outline in vermillion #C73A2C on ivory #F4ECE2. Title '{category_plural} where {differentiator}' Fraunces italic 96pt charcoal. Subtitle '10 verified · {month_name}' Crimson Pro 32pt charcoal. Slides 2–11 each: bold rank number 01–10 JetBrains Mono Bold 160pt vermillion top-left · item name Fraunces italic 64pt charcoal centre · score chip {item_n_score}/5 saffron #F4A02C pill right · one-line note Crimson Pro 28pt below. Slide 12 final: save-icon + comment-CTA + byline 'NakshIQ desk · {verification_date}' Instrument Sans 24pt charcoal. Subtle 12pt grain texture overlay across all slides. No photos.","Photoreal 1:1 still for slide-1 hero context. Single iconic {category_singular} interior or landscape at dusk in {state_list_first}, India. Warm tungsten + indigo sky palette. Documentary architectural photography style, 35mm film grain, muted desaturated tones. NO humans, NO text, NO logos in frame.","","1:1","2","Hindi variant available — slide 1 title in Devanagari (e.g. 'किलों के अंदर सोएं' for 'sleep inside a fort'). Skip if fewer than 8 items verified for {month_name}. Pulls from /api/content?type= depending on category (stays · destinations · routes · eateries). Photo credit line in caption tail."
"v3_tl_hotel_drone_feature","carousel","ig+fb","verification","Travel + Leisure","{property_name}. {state}. {bed_count} rooms. ₹{rate_inr}/night.","{property_name} sits {distance_from_landmark_km}km from {landmark_name}, {state}.

Built: {year_built}. Rooms: {bed_count}. Rate this month: ₹{rate_inr}/night (cheapest verified rate).

What's here: {amenity_list}.
What's not: {missing_note}.
Vibe: {vibe_one_line}.

Verified booked {verification_date}. Not sponsored.","Comment STAY for the verified booking link in DM.","property_name|state|bed_count|rate_inr|distance_from_landmark_km|landmark_name|year_built|amenity_list|missing_note|vibe_one_line|verification_date|score","6-slide 1:1 carousel. Slide 6 (closing card): '{property_name}' Fraunces italic 80pt vermillion #C73A2C on ivory #F4ECE2. Below: '₹{rate_inr}/night' JetBrains Mono Bold 96pt charcoal. Score chip '{score}/5' saffron pill bottom-right 56pt. Tiny 'verified booked {verification_date}' Instrument Sans 22pt charcoal at bottom. Slides 1–5 hold photos — Pomelli only renders slide 6 closer.","Photoreal 6-image set, all 1:1. SLIDE 1 (drone aerial): top-down shot of {property_name} from 100m altitude — full property visible, pool/courtyard centred, surrounding landscape of {state}. Golden-hour light. SLIDE 2 (exterior eye-level): facade of building from gravel approach. SLIDE 3 (room interior): unstaged room with morning window light, bed made, curtains open. SLIDE 4 (amenity): the property's signature space — pool / spa courtyard / lobby — empty, natural light. SLIDE 5 (dining): single plated dish on a property dining table, top-down or 45° angle. All slides: documentary editorial photography, no humans, no logos visible, slight film grain, muted natural palette.","6-second 1:1 b-roll for paid amplification: slow drone push-in over {property_name} at golden hour in {state}. Start wide at 150m altitude, descend toward courtyard, settle 5m above. No music, ambient wind only. 24fps cinematic. End frame holds 1s with locked composition for Pomelli text overlay.","1:1","3","Skip if rate_inr is null or property is not personally booked and stayed by NakshIQ team. NEVER pad with influencer-junket stays — kills the 'not sponsored' line. Pulls from /api/content?type=stays JOIN destinations."
"v3_tl_first_person_essay","carousel","ig+fb","moment","Travel + Leisure","I went to {dest_name}. Here's what I found.","Slide 1: where it began.
Slides 2–4: what changed.
Slide 5: what I'd tell you.

{dest_name}, {state}. {duration_days} days, {duration_year} {duration_season}.

What I expected: {expectation}.
What I got: {reality}.

Verdict: {score}/5. Worth it: {worth_it_short}.

Byline: {writer_handle} · NakshIQ desk.","Drop your answer in the comments — would you go after reading this?","dest_name|state|duration_days|duration_year|duration_season|expectation|reality|score|worth_it_short|writer_handle|arrival_moment|midtrip_moment|departure_moment|hero_photo_caption","5-slide 1:1 carousel. Slide 1 hero: photo placeholder fills 75%, bottom 25% is ivory #F4ECE2 strip with 'I went to {dest_name}.' Fraunces italic 64pt vermillion #C73A2C + 'Here's what I found.' Crimson Pro 32pt charcoal italic. Slides 2/3/4: each photo + ivory bottom-strip with one moment sentence (arrival → midtrip → departure) in Crimson Pro 36pt charcoal italic. Slide 5 byline card: ivory full-bleed, '{writer_handle}' Fraunces italic 80pt vermillion + 'NakshIQ desk' Instrument Sans 28pt charcoal tracking-wide, score chip '{score}/5' saffron pill bottom-right.","Photoreal 5-image essay set, all 1:1. SLIDE 1 (arrival): single hero moment at {dest_name} — could be view from train window, first sight of mountain, taxi stand at dawn. SLIDE 2 (mid-trip 1): a quiet observed detail — local hands at work, cup of chai in mid-light, etc. SLIDE 3 (mid-trip 2): a wider environmental shot. SLIDE 4 (mid-trip 3): a person from behind walking into landscape (anonymity preserved). SLIDE 5 (departure / reflection): single object that summarises the trip — packed bag, bus seat, half-eaten meal. All slides: 35mm documentary film grain, muted desaturated palette, NO humans facing camera, NO logos, NO posed shots. Editorial-essay aesthetic, Joan Didion-meets-Steve-McCurry.","","1:1","2","Long-form text-led essay; differentiates from v2_pov_slow_morning (sensory reel). Requires real human writer with byline — never synthesise. Skip if expectation/reality/worth_it fields are generic. Pulls from a yet-to-be-built /api/content?type=editor_essays surface (or static markdown until then)."
"v3_tl_city_neighborhood","carousel","ig+fb","discovery","Travel + Leisure","{city_name}, neighbourhood by neighbourhood. {neighbourhood_count} stops.","{city_name}, {state}. Five neighbourhoods worth your time this {month_name}.

{nbhd_1_name} → {nbhd_1_one_word}
{nbhd_2_name} → {nbhd_2_one_word}
{nbhd_3_name} → {nbhd_3_one_word}
{nbhd_4_name} → {nbhd_4_one_word}
{nbhd_5_name} → {nbhd_5_one_word}

One-day order: {recommended_order}.
Avoid in {avoid_window}: {avoid_neighbourhoods}.

Verified {verification_date}.","Save this. Comment your favourite — we'll do the next city.","city_name|state|month_name|neighbourhood_count|nbhd_1_name|nbhd_1_one_word|nbhd_1_eat|nbhd_1_see|nbhd_1_avoid|nbhd_2_name|nbhd_2_one_word|nbhd_2_eat|nbhd_2_see|nbhd_2_avoid|nbhd_3_name|nbhd_3_one_word|nbhd_3_eat|nbhd_3_see|nbhd_3_avoid|nbhd_4_name|nbhd_4_one_word|nbhd_4_eat|nbhd_4_see|nbhd_4_avoid|nbhd_5_name|nbhd_5_one_word|nbhd_5_eat|nbhd_5_see|nbhd_5_avoid|recommended_order|avoid_window|avoid_neighbourhoods|verification_date","7-slide 1:1 carousel. Slide 1 (city map): hand-drawn outline of {city_name} in vermillion ink-line on ivory. 5 numbered dots (01–05) in saffron #F4A02C marking each neighbourhood. Title '{city_name}, by neighbourhood' Fraunces italic 80pt charcoal. Slides 2–6 each: rank number 01–05 JetBrains Mono Bold 144pt vermillion top-left · '{nbhd_n_name}' Fraunces italic 56pt centre · three lines below in Crimson Pro 28pt: 'Eat: {nbhd_n_eat}', 'See: {nbhd_n_see}', 'Avoid: {nbhd_n_avoid}'. Slide 7 (day order): '{recommended_order}' as a numbered list with subtle saffron arrows between items.","Photoreal 7-image set. Slides 2–6 each: a single 1:1 documentary shot of the named neighbourhood in {city_name}, India — street scene, market stall, doorway, local life detail. Eye-level, natural daylight, no posed humans, no logos. 35mm film grain, muted natural palette specific to that neighbourhood's mood (market = warm tones, residential lane = soft cool, food street = saturated). Editorial documentary style.","","1:1","2","Hindi variant available — neighbourhood names in Devanagari transliteration, eat/see/avoid lines bilingual. Skip if fewer than 4 verified neighbourhoods (don't fill with generic districts). Pulls from /api/content?type=neighbourhoods (new endpoint needed)."
"v3_tl_world_best_india","single","ig+fb","verdict","Travel + Leisure","Announcing: NakshIQ India {category_label} of the Year, {year}.","{winner_name}, {state}.

Selected from {pool_size} field-audited {category_plural} this year. Score: {score}/5. Verified visits: {audit_count}.

Why this one: {citation_text}.

Runner-up: {runner_up_name}, {runner_up_state}.
Bronze: {bronze_name}, {bronze_state}.

Full 10-spot list reveals over the next 10 days. Same time. Same place.","Comment {category_singular_lowercase} for the methodology DM.","category_label|category_plural|category_singular_lowercase|year|winner_name|state|score|audit_count|pool_size|citation_text|runner_up_name|runner_up_state|bronze_name|bronze_state","1:1 single award card. Background: deep ink-charcoal #1A1A1A with subtle gold-fleck noise texture. Top: 'NAKSHIQ INDIA' Instrument Sans 28pt tracking-wide gold #C9A227. Below: '{category_label} OF THE YEAR' Crimson Pro 36pt italic ivory. Centre: '{winner_name}' Fraunces italic 120pt ivory. Below: '{state}' Crimson Pro 40pt italic saffron. Bottom-centre: circular gold-foil badge '{year}' with score chip '{score}/5' inside. Tiny corner: 'verified {audit_count} audits' Instrument Sans 22pt ivory.","Photoreal 1:1 hero shot of {winner_name}, {state} at golden hour. Single iconic frame — establishing wide of the property/ destination/dish (depending on category). Composition: rule of thirds, subject lower-third, sky upper-two-thirds. Editorial award-photo quality, sharp focus, slight cinematic film grain. Muted gold-and-ivory palette to match the gold-fleck Pomelli overlay. NO humans facing camera, NO text/logos in frame.","10-second 9:16 announcement reel cutdown. Open with deep-charcoal title card 'NakshIQ India · {category_label} of the Year' (3s). Cut to the {winner_name} hero shot, slow push-in (5s). End frame: gold-foil badge animates in with '{winner_name}' name + '{score}/5' score. Subtle orchestral swell — no narration. 24fps cinematic. Reserved tone, no influencer energy.","1:1","1","Annual flagship format. Categories rotate: destination · stay · beach · food city · solo-female · offbeat · monsoon · budget · luxury · arrival airport. Reveal one category per day for 10 days each year. ACTUAL awards franchise ops (jury · methodology · partner outreach) is a separate multi-month initiative — this row is just the FORMAT. Hindi variant available with Devanagari winner_name + bilingual citation."
"v3_tl_poll_reel","reel","ig+fb","moment","Travel + Leisure","{dest_a_name} or {dest_b_name} this {month_name}?","Two destinations, one month, an honest call.

{dest_a_name}: {dest_a_score}/5
{dest_b_name}: {dest_b_score}/5

Our data leans {data_winner_name} this month — scored on weather, roads, crowds, hospitals and signal.

No sponsors. Just the numbers.","Drop A or B in the comments — we'll publish your verdict next week.","dest_a_name|dest_a_score|dest_b_name|dest_b_score|month_name|data_winner_name","9:16 reel slate (used as opening + closing frames). Vertical split: left half ivory #F4ECE2 with '{dest_a_name}' Fraunces italic 88pt vermillion #C73A2C top, '{dest_a_score}/5' JetBrains Mono Bold 96pt charcoal centre, '{dest_a_state}' Crimson Pro 28pt charcoal bottom. Right half mirror with saffron #F4A02C background and {dest_b_*} fields. Big central 'or' Fraunces italic 64pt charcoal italic in a small ivory circle straddling the vertical divider. Closing-frame variant: the winning half punches forward 10%, loser fades to 40% opacity, 'OUR DATA SAYS' label in saffron above winner.","","20-second 9:16 reel. Frame 1 (3s): split-screen opening slate from Pomelli. Frame 2 (3s): left half shows 3s b-roll of {dest_a_name} — establishing landscape clip. Frame 3 (3s): right half shows 3s b-roll of {dest_b_name}. Frame 4 (4s): both halves play simultaneous b-roll. Frame 5 (4s): on-screen text 'comment A or B' Instrument Sans Bold 64pt vermillion punches in over the split frame. Frame 6 (3s): closing slate with our data verdict revealed. No voiceover. Subtle ambient soundscape from both destinations mixed. 24fps.","9:16","4","Engagement-led format — explicit comment-driven. Hindi variant available — both slates bilingual. Skip if score_gap is implausible (e.g. 4.8 vs 2.1 isn't a poll, it's a recommendation). Skip if one dest is in HARDCODED_DEST_BLOCKS. Pair both dests by state-cluster + similar score band (within 0.6 of each other) for fair contest. [2026-05-20 revised: dest_a/dest_b/winner are render-time injected by the autoposter CSV dispatcher from the live dest pool (no editorial fields). dest_a = the dest whose asset exists; dest_b = next pool dest; winner = higher score.]"
"v3_tl_news_announcement","single","ig+fb","verification","Travel + Leisure","Just announced: {headline}","{headline}

What changed: {change_summary}
When effective: {effective_date}
Who it affects: {affected_audience}
Where to confirm: {primary_source_note}

Why this matters: {why_matters_one_line}

Source link in our pinned comment. NakshIQ desk · verified {verification_date}.","Save this if you're travelling {effective_date_short}.","headline|change_summary|effective_date|effective_date_short|affected_audience|primary_source_note|why_matters_one_line|verification_date|dest_or_route_id|state","1:1 news card. Top-left small label 'JUST ANNOUNCED · {verification_date}' Instrument Sans 24pt tracking-wide saffron #F4A02C. Below: '{headline}' Fraunces italic 80pt charcoal (allow 2-line wrap). Mid-section: ivory background, three small label-value lines in Instrument Sans 28pt — 'Effective: {effective_date}' · 'Affects: {affected_audience}' · 'Source: {primary_source_note}'. Bottom strip: deep charcoal #1A1A1A band with 'NakshIQ desk · verified {verification_date}' Instrument Sans 22pt ivory tracking-wide. Subtle 1px saffron underline beneath headline.","Photoreal 1:1 contextual still that anchors the news visually. If headline is about a permit/road change in {state}, show a documentary frame of that road/checkpoint/landmark. If about a festival date confirmation, show one related sensory object (lamp, flag, offering). No humans, no logos, no signs with readable text. 35mm documentary film grain, muted palette. Image must NOT contradict the news (e.g. don't show snow if the news is about a road OPENING after snow-clearance).","","1:1","6","Time-sensitive — must publish within 24h of the announcement. Skip if primary_source_note is null (no fabricated news). Hindi variant required for permit/road-opening posts (affects tier-2/3 audiences travelling overland). Pulls from a new /api/content?type=travel_news endpoint OR manual editor entry. The pinned-comment source link is published separately, not in the caption (IG strips URLs)."
