"format_id","post_type","platform","pillar","inspired_by","hook_template","caption_template","cta_template","data_inputs","pomelli_prompt","image_prompt","video_prompt","asset_aspect","max_freq_per_month","notes"
"v2_pov_slow_morning","reel","ig+fb","moment","Tanya Khanijow","The slowest hour in {dest_name}.","No alarms. No itinerary. Just {state}'s quietest light.

{tagline}

This month: {note}

Go early. Stay still — {dest_name} rewards the people who do.","Comment SUNRISE if you'd wake up here.","dest_name|state|tagline|note","1:1 square slide 1 of 3 carousel. Centred Fraunces italic title '{dest_name}' 96pt vermillion #C73A2C on warm ivory #F4ECE2 background. State name above in Crimson Pro 32pt charcoal #1A1A1A. Score chip bottom-right 56pt JetBrains Mono on saffron #F4A02C pill. 60% top whitespace, text in lower third. 12pt grain texture overlay. No images, no destination photos — text card only.","Photorealistic 9:16 still of mist rising off a Himalayan lake at 5:47am near {dest_name}, {state}. Soft pink-orange dawn light from camera-left, deep teal water, dark pine silhouettes at edges. Shot on 35mm film stock, slight grain, muted desaturated palette — peach + navy + bone. NO text, NO people, NO logos. Composition: foreground rocks lower-third, lake mid-frame, mountains background. Style: cinematic, contemplative, Tanya Khanijow aesthetic.","8-second cinematic 9:16 vertical clip: slow drone pull-back from a single dewdrop on a pine needle in foreground revealing a Himalayan valley at first light near {dest_name}, {state}. Dawn pink-blue palette. Subtle mist drift across the valley floor. No music, only ambient wind. 24fps cinematic shutter, slight handheld float. End frame: wide valley with {dest_name} burned-in lower-third in Fraunces italic 64pt bone-white.","9:16","3","Hindi variant available: caption Hindi-first, English subtitle line 2. Skip if sunrise_time field null or dest has no high-altitude POI (no Goa, no plains). [2026-05-20 revised: uses existing data only (tagline + monthly note). No sunrise_time/nearest_landmark needed — fires on any dest.]"
"v2_thali_close_up","carousel","ig+fb","moment","Visa2explore","The dish worth the trip to {dest_name}.","{eatery_name} — {dest_name}, {state}.

What to order: {hero_dish}.

Not a sponsored pick. It's the kitchen our field check kept coming back to.

{dest_name} this month: {note}","Comment THALI for more verified family kitchens in {state}.","dest_name|state|eatery_name|hero_dish|note","4:5 carousel slide 1 of 4. Big serif title 'Eaten here' Fraunces italic 88pt vermillion #C73A2C. Below: '{eatery_name} · since {years_open}' Crimson Pro 36pt charcoal. ₹{price_inr} as a chunky saffron #F4A02C pill bottom-right, JetBrains Mono 56pt. Warm ivory #F4ECE2 background. Slight paper-noise texture. No photos.","Overhead 4:5 photorealistic shot of a {thali_name} on a brass plate, shot top-down on a worn wooden family-kitchen table in {dest_name}, {state}. Steam visible rising from {hero_dish}. Small steel bowls of {accompaniments} arranged around the centre. Window light from upper-left, warm tungsten fill. Slight blur on edges, sharp on the main dish. Style: documentary food photography, 35mm, film grain. NO text, NO logos, NO menu cards in frame.","6-second 4:5 clip: hands in foreground tearing roti and dipping into {hero_dish} on a brass plate. Macro lens, shallow depth of field. Family-kitchen ambient sound — pressure cooker hiss, distant Hindi conversation, no music. Warm tungsten + window light mix. Final second: hand pulls back revealing full thali. No on-screen text.","4:5","4","Hindi variant available — Devanagari title 'यहाँ खाया' on slide 1. Skip if eatery has no price_inr OR address is generic (must be a real walk-in spot, not a chain). Pair with eateries_pick data. [2026-05-20 revised: uses the legendary entry from local_eateries (eatery_name + hero_dish, surfaced flat by /api/content) + monthly note. No net-new eatery fields needed.]"
"v2_route_animated_map","reel","ig+fb+yt_short","discovery","Tanya Khanijow","{route_name}. {total_days} days. {total_km} km. {stop_count} stops.","Day 1: {stop_1_name} — {stop_1_note}
Day 2: {stop_2_name} — {stop_2_note}
Day 3: {stop_3_name} — {stop_3_note}
Day 4: {stop_4_name} — {stop_4_note}
Day 5: {stop_5_name} — {stop_5_note}

Best window: {best_months}. Avoid: {avoid_months}.
Permits: {permit_note}.
Bike-friendly: {bike_friendly}.","Comment the stop you'd skip — we'll DM you the next one.","route_name|total_days|total_km|stop_count|stop_1_name|stop_1_note|stop_2_name|stop_2_note|stop_3_name|stop_3_note|stop_4_name|stop_4_note|stop_5_name|stop_5_note|best_months|avoid_months|permit_note|bike_friendly","9:16 vertical map card. Hand-drawn India outline in vermillion #C73A2C ink-line style on ivory #F4ECE2 paper-texture background. 5 numbered route dots in saffron #F4A02C, connected by dashed line. Each dot has a small label: '01 {stop_1_name}', '02 {stop_2_name}', etc. Title top: '{route_name}' Fraunces italic 72pt charcoal. Subtitle: '{total_days} days · {total_km} km'. Bottom: 'nakshiq.com' small in Instrument Sans 24pt charcoal.","","15-second 9:16 animated map reveal. Start with blank ivory paper, India outline draws itself in vermillion ink. Then 5 route stops appear one by one in saffron — each labelled '{stop_n_name}'. Dashed connecting line draws between stops. Slow zoom-in on each stop revealing a 1-sec photo card overlay of that destination. End frame: full route visible, title '{route_name}' bottom-third in Fraunces italic. Acoustic guitar music, no voiceover. 24fps.","9:16","2","Hindi variant available — labels in Devanagari + Hindi voiceover describing the route. Skip if route has <4 verified stops or permits field is unclear. Pulls from /api/content?type=routes."
"v2_hindi_score_card","single","ig+fb","verdict","Mountain Trekker","{name_hi}, {month_hindi} में: {score}/5","इस महीने {name_hi} जाना है?

स्कोर: {score}/5
ठहरने का खर्च: ₹{price_range_inr}/रात
क्यों जाएं: {why_special_hi}

{tagline}","{name_hi} गए हो? कमेंट में बताओ कब.","name_hi|month_hindi|score|price_range_inr|why_special_hi|tagline","1:1 square. Big Devanagari title '{dest_name}' Mukta serif 96pt vermillion #C73A2C. Subtitle '{month_hindi} में' Crimson Pro 40pt charcoal. Massive score chip centre-right: '{score}/5' JetBrains Mono 144pt on saffron #F4A02C pill. Below in Devanagari: 4 small stat lines with mausam/bheed/kharcha/kyon. Ivory #F4ECE2 background. Bottom-right corner: small 'nakshiq.com' in Instrument Sans 22pt.","","","1:1","4","Hindi-led format — primary audience tier-2/3 Indian cities. English one-liner kept short as code-switch hook. Skip if any Devanagari field missing. Translation must use natural Hindi, not Google-MT. [2026-05-20 revised: caption now uses existing data only (translations.hi name + why_special, score, confidence_cards sleep price, English tagline) — no net-new editorial fields. Fires on the 414 dests with Hindi why_special.]"
"v2_ugc_spotlight","single","ig_only","discovery","Tripoto Community","Spotted in {dest_name}, {state} this {month_name}.","{dest_name}, {state}.

What we flagged: {tagline}

Why it's on the radar: {why_special}

Score this {month_name}: {score}/5.","Comment 📍 if you'd add this to your week.","dest_name|state|tagline|why_special|score|month_name","4:5 vertical. The submitted UGC photo fills 80% of frame. Bottom 20% is an ivory #F4ECE2 strip with: '@{creator_handle} · {dest_name}' in Instrument Sans 32pt charcoal, score chip '{score}/5' in vermillion JetBrains Mono 40pt right-aligned. Thin saffron #F4A02C 1px divider line between photo and strip. No other text.","","","4:5","6","Rewired 2026-05-25 — UGC creator-handle/quote framing dropped (no UGC pipeline). Repurposed to founder-spotted discovery card using dest.tagline + why_special + score."
"v2_wildlife_moment","reel","ig+fb","moment","Varun Aditya","{dest_name}. Wildlife at the edge of the trail.","{tagline}

What to expect this {month_name}: {note}

Why it matters: {why_special}

NakshIQ score: {score}/5.","Comment your last sighting in {state}.","dest_name|state|tagline|note|why_special|score|month_name","","Photorealistic 9:16 vertical close-up of {species_name} in its natural habitat at {dest_name}, {state}. Sharp focus on the animal's eye, soft bokeh background. Golden hour light from camera-left. Animal is calm, not threatened. Documentary wildlife style — Frans Lanting / Varun Aditya aesthetic. Muted earth-tone palette. NO text, NO logos, NO people, NO captive-setting clues (no fences, no cages).","10-second 9:16 clip: slow lateral pan revealing {species_name} in frame at {dest_name}. Animal moves naturally — turns head, blinks. Natural ambient sound — distant bird calls, wind. No music. End frame: animal looks toward camera then turns away. Burned-in lower-third caption '{species_name} · {dest_name}' Fraunces italic 48pt ivory. 24fps cinematic. Telephoto lens look.","9:16","3","Rewired 2026-05-24 — dispatcher filters dests whose note/why_special mentions wildlife (sanctuary, national park, big cat, tiger, leopard, bird, safari)."
"v2_texture_macro","single","ig+fb","moment","original","{texture_subject}. {dest_name}.","{texture_subject} — outside {nearest_landmark}.

Notice the {detail_1}. The {detail_2}.

We walked past this twice before stopping.","Comment what your eye went to first.","texture_subject|dest_name|state|nearest_landmark|detail_1|detail_2","","Photorealistic 1:1 square macro shot of {texture_subject} in {dest_name}, {state}. Extreme close-up, every grain/thread visible. Natural daylight, slightly desaturated film palette. Background completely out of focus. Composition: rule of thirds, texture fills frame. NO text, NO logos, NO people. Style: Wim Wenders / Steve McCurry documentary detail shot.","5-second 1:1 clip: extreme slow zoom-in on {texture_subject}, {dest_name}. Ambient sound only — wind, distant temple bell, no music. Final 2 seconds hold on tightest crop. No on-screen text in clip. 24fps cinematic.","1:1","3","Aesthetic-first, low data requirement. Good filler for slow days. Skip if texture_subject is generic ('a wall' won't work — needs 'a 200-year-old rosewood door knocker in Athangudi')."
"v2_budget_receipt","single","ig+fb","verification","Mountain Trekker","What a night in {dest_name} actually costs.","{dest_name}, {state} — the real number, not the brochure.

Stays here run ₹{price_range_inr}/night. That's the verified range across hotels and guesthouses on the ground — not a sponsored pick.

This month: {note}

NakshIQ re-checks price, weather, roads, crowds and signal every month.","Comment your destination — we'll pull its real cost range next.","dest_name|state|price_range_inr|note","1:1 square styled as a receipt on white #F8F6F1 paper texture. Header in monospace JetBrains Mono 28pt: 'NAKSHIQ FIELD LEDGER'. Below: '{dest_name} · Day {day_number} · {verification_date}'. Five line items aligned with dotted leaders to ₹ amounts on the right (stay/food/transport/entry/misc). Bottom thick double-line then 'TOTAL ₹{day_total_inr}' in JetBrains Mono Bold 56pt vermillion #C73A2C. Subtle coffee-stain texture in one corner. Slightly rotated 2° for hand-printed feel.","Photorealistic 1:1 of an actual handwritten travel-budget notebook page on a wooden cafe table in {dest_name}. Black ink, neat columns of expenses with ₹ amounts. Coffee cup blurred top-right. Window light from left. Style: travel-journal documentary photography, muted palette. NO text legible enough to fabricate amounts — keep values blurred so the Pomelli card carries the actual breakdown.","","1:1","4","Hindi variant: receipt header 'नक्षिक़ बजट हिसाब' Devanagari. Skip if any ₹ field is null — fabricated budgets kill trust. verification_date must be within 6 months. [2026-05-20 revised: uses confidence_cards sleep price_range_inr + monthly note. No day-by-day breakdown fields needed — fires on ~484 dests with a stay price.]"
"v2_cost_vs_feeling","carousel","ig+fb","verification","original","₹{cost_inr} bought us {feeling_phrase} in {dest_name}.","Slide 1: the receipt.
Slide 2: the moment.

₹{cost_inr} = {experience_summary}.

{dest_name}, {state}. {verification_date}.
Score this month: {score}/5.","Comment ₹ for the next 3 dests where this still works.","cost_inr|feeling_phrase|dest_name|state|experience_summary|verification_date|score","4:5 carousel slide 1. Split vertically: left half ivory #F4ECE2 with '₹{cost_inr}' in JetBrains Mono Bold 144pt vermillion #C73A2C. Right half saffron #F4A02C with '{feeling_phrase}' in Fraunces italic 64pt ivory, wrapped to 3 lines max. Thin 1px charcoal vertical divider between halves. Bottom-strip: '{dest_name} · {state}' Instrument Sans 28pt charcoal.","Photorealistic 4:5 image for slide 2 of carousel. The unstaged real moment at {dest_name} that the cost bought — could be a quiet cafe table, a foot in a stream, a thali, a sunset bench. Documentary photography, no humans posing, no logos visible. Natural light. Slight film grain. NO text overlay.","","4:5","3","feeling_phrase must be specific not generic ('30 silent minutes at Khajjiar', not 'peace'). Skip if cost_inr is null OR feeling_phrase is influencer-cliche. Pair with cost_index data."
"v2_myth_bust_oneline","reel","ig+fb","anti_trap","Tanya Khanijow","Most reels about {dest_name}: pretty visuals only.","What you've read: {tagline}

What NakshIQ verified for {month_name}: {note}

Score: {score}/5.","Comment the dest whose hype doesn't match what you saw.","dest_name|state|tagline|note|score|month_name","9:16 vertical. Top half: '{myth_question}' in Fraunces italic 80pt ivory on deep charcoal #1A1A1A background with subtle grain. Bottom half: '{short_answer}' in Instrument Sans Bold 96pt vermillion #C73A2C on ivory #F4ECE2. A thin 2px saffron divider between halves. Bottom-right corner small 'nakshiq.com · verified {verification_date}' in Instrument Sans 20pt charcoal.","","6-second 9:16. Open on a black frame with '{myth_question}' typing in white serif Fraunces italic 80pt over 2s. Cut to white frame with '{short_answer}' large in vermillion Instrument Sans Bold 96pt punching in for 2s. Final 2s: a static text card with the source ('Source: {source_note}'). No voiceover. Crisp ambient page-turn / typewriter SFX.","9:16","4","Rewired 2026-05-24 — uses dest.tagline + dest.note (the verified per-month note) instead of myth/answer fields not in catalog."
"v2_series_episode","reel","ig+fb","discovery","Visa2explore","{state} this {month_name}: {dest_name}.","{tagline}

Why go: {why_special}

Eat: {hero_dish} at {eatery_name}
Stay: {price_range_inr}

Score: {score}/5.","Comment {state} for tomorrow's pick.","dest_name|state|tagline|why_special|hero_dish|eatery_name|price_range_inr|score|month_name","9:16 episode card. Top-left small label 'EP {episode_n} / {total_episodes}' Instrument Sans 28pt saffron. Centre title '{episode_title}' Fraunces italic 80pt vermillion on ivory. Below: '{series_name}' Crimson Pro 36pt charcoal. Bottom: 3 tiny stat chips morning/afternoon/evening with one-word labels each. Hand-numbered episode badge top-right corner styled like a TV series number plaque.","","12-second 9:16 reel. Episode card holds 2s. Then 3 quick scene cuts: morning shot (1 sec), afternoon shot (1 sec), evening shot (1 sec) — each from the real day at {dest_name}. Cut to stay exterior (2s). Cut to eatery dish close-up (2s). End frame: 'Next: Day {next_episode_n}' card with date. Acoustic guitar music. 24fps. Burned-in episode counter top-right throughout.","9:16","5","Rewired 2026-05-24 — daily dest spotlight using dest fields; episode-tracking dropped (no series data model in NakshIQ)."
"v2_local_knows","single","ig+fb","anti_trap","Mountain Trekker","What {dest_name} is actually like in {month_name}.","Skip the brochure — here's the ground truth for {dest_name}, {state}.

This month: {note}

Why it earns the trip: {why_special}.

We re-check every destination monthly. No sponsors, no recycled listicles.","Comment your destination — we'll give you the unfiltered read.","dest_name|state|month_name|note|why_special","1:1 square. Top: 'LOCAL KNOWLEDGE' Instrument Sans 24pt saffron tracking-wide. Title: '{trap_landmark}' in Fraunces italic 88pt vermillion #C73A2C with a horizontal strikethrough line through it. Below: 'in {month_name}' Crimson Pro 32pt charcoal. Bottom block on ivory: 'Locals go here instead → {local_alternative}' in Instrument Sans Bold 36pt charcoal. Tiny saffron arrow icon. Background subtle hand-drawn texture.","","","1:1","4","Hindi variant available — both phrases in Devanagari + local language (Pahari / Marathi / Tamil etc.) where applicable. Skip if local_phrase is generic English. Pair with tourist_trap data. [2026-05-20 revised: uses existing data (monthly note + why_special). The tourist_trap_alternatives table doesn't cover every dest + its API endpoint is separately broken, so this format is now an honest-read angle, not a trap join.]"
"v2_score_card_pov","reel","ig+fb","verdict","original","{dest_name} in {month_name}: {score}/5. Here's why.","Same destination, our honest read.

What's true this month: {note}

Verdict: {score}/5. Stays from ₹{price_range_inr}/night.

We score every destination monthly on weather, roads, crowds, hospitals and signal — not vibes, not sponsored lists.","Comment YES if {score}/5 feels right. NO if you'd score it differently.","dest_name|month_name|score|note|price_range_inr","9:16 closing slate (used as end-frame on reel). '{dest_name}' Fraunces italic 96pt vermillion. Score chip centre: '{score}/5' JetBrains Mono Bold 144pt charcoal on saffron pill. Below: 3 small stat chips (crowd / cost / month) in horizontal row.","","10-second 9:16 reel. Opening 2s: handheld POV walking into {dest_name}'s main viewpoint — no narration, just ambient. 3s: POV holds on the iconic view. 3s: 3 quick on-screen text overlays — 'TRUE NOW: {true_now}', 'CHANGED: {change_note}', 'STILL SKIP: {still_skip}' (1s each). Final 2s: locked-frame score card '{score}/5' punching in. Ambient sound only, no music.","9:16","6","Refresh of existing score_card format. Use when destination has fresh field observation (verification_date < 30 days). Skip if no change_note — needs the 'what changed' tension. [2026-05-20 revised: caption now uses existing data only (note + score + confidence_cards sleep price_range_inr) — no net-new editorial fields. Fires on any dest with a monthly note + stay price.]"
"v2_arrival_intel_video","reel","ig+fb","verification","original","First 4 hours at {iata}. {city}.","{iata} arrivals · what actually happens.

1. {scam_warning}
2. Pre-paid taxi counter: {prepaid_taxi}
3. SIM counter: {sim_counters}
4. ATM location: {atm_location}
5. Where to nap first night: {first_night_stay}

Verified {verification_date}.","Comment '{iata}' — we'll DM the airport map.","iata|city|state|scam_warning|prepaid_taxi|sim_counters|atm_location|first_night_stay|verification_date","9:16 end-card. Top: '{iata}' JetBrains Mono Bold 144pt vermillion on ivory. Below: '{city} · first 4 hours' Crimson Pro 40pt charcoal. 5 numbered checkboxes in saffron with one-word labels (scam / taxi / sim / atm / sleep). Bottom: 'verified {verification_date}' Instrument Sans 22pt charcoal.","","12-second 9:16 reel: handheld POV walking from {city} airport arrivals gate. Sequential cuts: airport sign with IATA (2s) → scam-warning location (2s) → pre-paid taxi counter (2s) → SIM counter (2s) → ATM (2s) → first-night hotel front (2s). Each cut has a burned-in numbered text label in upper-third saffron Instrument Sans Bold 48pt. Ambient airport sound only, no music. 24fps. Subtle handheld float.","9:16","2","Refresh of arrival_intel feed format. Hindi variant available for IATAs like DEL/BOM/HYD. Skip if any of the 5 numbered fields is null. verification_date must be < 90 days."
"v2_hidden_gem_reveal_atmo","reel","ig+fb","discovery","Tanya Khanijow","{distance_km} km from {near_destination_name}.","{gem_name}.

{why_unknown}

What you'd see: {why_go}.
How to reach: {access_note}.
Don't go in: {avoid_months}.

Pop. ~{population}. Verified {verification_date}.","Comment 📍 if you'd detour. Tag the friend who'd drive.","gem_name|near_destination_name|state|distance_km|why_unknown|why_go|access_note|avoid_months|population|verification_date","9:16 reveal slide (mid-reel). '{distance_km} km from' Crimson Pro 32pt charcoal top, then '{near_destination_name}' Fraunces italic 56pt charcoal, large arrow ↓, then '{gem_name}' Fraunces italic 96pt vermillion #C73A2C centred. Ivory background, subtle grain.","","12-second 9:16 reel. Opens with 4s of pure atmosphere: ambient sound + slow drone or handheld over the unknown destination at golden hour. NO text first 4 seconds — purely visual hook. At 4s a single text line drops in: '{distance_km} km from {near_destination_name}.' At 7s the name reveals: '{gem_name}'. Hold final 3s on a wide establishing shot. No music or very soft acoustic guitar. 24fps cinematic.","9:16","4","Refresh of hidden_gem_reveal. The 4-sec text-free atmospheric opener is the critical difference vs current feed format — data has shown text-first hooks underperform on Reels. Skip if no atmospheric video footage available for the gem."
"v2_cost_index_handwritten","single","ig+fb","verification","original","Field ledger · {dest_name} · {month_name}","{dest_name}, {state} — this {month_name}, hand-checked.

Stays: ₹{price_range_inr} (verified range across hotels + guesthouses on the ground — not scraped).

Eat: {hero_dish} at {eatery_name}.

Ground-truth note: {note}

Score: {score}/5. Re-checked monthly — never sponsored.","Comment your dest — we'll pull its real cost range next.","dest_name|state|month_name|price_range_inr|hero_dish|eatery_name|note|score","1:1 styled as a torn-edge notebook page. Cream #F8F2E6 paper, subtle grid lines. Hand-lettered title '{dest_name} · {month_name}' in a brush-script font (Caveat / Reenie Beanie) 64pt charcoal. 5 line items below in mock-handwriting, each with item name + dotted leader + ₹ amount. Big circled total ₹{price_range_inr} bottom-right with hand-drawn red marker circle. Coffee ring stain top-left. Ink-blot on one corner.","Photorealistic 1:1 of an actual travel-budget notebook page in {dest_name}. Cream paper, handwritten ₹ amounts (illegible — Pomelli card carries real values), coffee stain. Window light warm. NO logos. Style: travel-journal documentary, faint film grain.","","1:1","3","Rewired 2026-05-25 — daily ₹/hostel/midstay/thali/coffee/bus breakdown dropped (not in catalog). Uses confidence_cards stay price_range_inr + hero_dish + eatery_name + monthly note. Differentiates from v2_budget_receipt by field-ledger voice (vs receipt voice)."
"v2_weekend_escape_map","reel","ig+fb","verdict","Tanya Khanijow","{drive_hours}h from {anchor_city}: {dest_name}.","{dest_name}. {drive_hours} hours from {anchor_city}.

Best Friday→Sunday window: {best_window}.
Drive: {drive_route_note}.
Where to stay: {stay_pick_name}.
What to do: {weekend_itinerary}.

Score this month: {score}/5. Crowd: {crowd_level}.","Comment {anchor_city} for the next 3 weekend picks within {drive_hours}h.","dest_name|state|drive_hours|anchor_city|best_window|drive_route_note|stay_pick_name|weekend_itinerary|score|crowd_level","9:16 map closing slide. Top: '{anchor_city} → {dest_name}' Fraunces italic 64pt charcoal. Centre: hand-drawn arc-line from {anchor_city} point to {dest_name} point in vermillion ink-line style on cream paper. Drive-time pill '{drive_hours}h' floating above arc. Bottom: 'Friday 18:00 → Sunday 20:00' Instrument Sans 28pt charcoal. Subtle topo-map contour lines.","","10-second 9:16 reel. Cold open: Friday-evening road from {anchor_city} city limits (2s) → highway drive shot (1s) → arrival at {dest_name} (2s) → first morning view at the dest (2s) → final 3s static map card with route arc. Soft acoustic guitar. Burned-in time-stamps 'Fri 19:00 / Sat 06:30' upper-third. Comment-CTA fades in last 2s. 24fps.","9:16","4","Refresh of weekend_escape with map storytelling. Pair with weekend-from API. Skip if drive_hours > 8 (not a real weekend escape) or anchor_city is not a tier-1 metro."
"v2_festival_alert_sensory","single","ig+fb","moment","Varun Aditya","{festival_name}. {dest_name}. {start_date}.","{festival_name} · {start_date} – {end_date}

What you'll see: {visual_signature}.
What you'll hear: {sound_signature}.
What to wear: {dress_note}.
What to bring: {bring_list}.

Where: {venue}, {dest_name}, {state}.
Crowd: {crowd_expectation}. Photography: {photo_note}.","Comment {festival_name} for the field guide we made.","festival_name|dest_name|state|start_date|end_date|visual_signature|sound_signature|dress_note|bring_list|venue|crowd_expectation|photo_note","4:5 single. Top 40%: ivory #F4ECE2 with 'Festival · {start_date}' Instrument Sans 24pt saffron tracking-wide, then '{festival_name}' Fraunces italic 96pt vermillion. Bottom 60%: empty space reserved for the sensory close-up image insertion. Tiny 'venue: {venue}' caption bottom-right Instrument Sans 22pt.","Photorealistic 4:5 sensory close-up tied to {festival_name} — a single object/texture (marigolds in offering tray, oil lamps in row, prayer flag against sky, brass bell). Macro lens, shallow depth of field, natural light. NO crowd shot, NO logos, NO people facing camera. Style: National Geographic detail, documentary. Muted festival-relevant palette (marigold orange + ivory + deep indigo, or whatever fits the festival).","","4:5","4","Refresh of festival_alert with sensory single-subject vs the old crowd-shot. Skip if visual_signature is generic ('lots of people'). visual + sound signatures MUST be specific. Festivals with no offering/prop don't fit this format."
"v2_tourist_trap_split","reel","ig+fb","anti_trap","original","What you've read about {dest_name} vs what we verified.","Brochure version: {tagline}

Verified version this {month_name}: {note}

Score: {score}/5.
NakshIQ check: {verification_date}.","Comment a place whose hype doesn't match the visit.","dest_name|state|tagline|note|score|month_name|verification_date","9:16 closing card. Split horizontally: top half 'BROCHURE' label + '{brochure_promise}' Crimson Pro 42pt charcoal on ivory. Bottom half 'REAL' label + '{real_state}' Crimson Pro 42pt vermillion on deep charcoal. Thin saffron 2px divider. Both halves equal weight visually. No images — text contrast carries the story.","","10-second 9:16 split-screen reel. Left half: cinematic 'brochure' footage of {trap_name} at sunrise empty (clearly the postcard version). Right half: same {trap_name} at 4pm crowded. Both run simultaneously. At 5s, right half slides up to fill frame — the reality wins. At 7s, text drops in: 'Skip → {alternative_name} ({alt_distance_km}km).' Final 3s static. No voiceover, ambient crowd noise rising in volume.","9:16","3","Rewired 2026-05-24 — traps endpoint is empty in production. Repurposed to brochure-vs-verified using dest.tagline (marketing copy) vs dest.note (NakshIQ-verified monthly)."
"v2_women_solo_brief_video","reel","ig+fb","discovery","Tanya Khanijow","Solo, female, {dest_name} for {duration}.","{dest_name} solo, this month.

Stay (felt safe): {safe_stay_name} · {safe_stay_note}
Stay (avoid): {avoid_stay_note}
Walk routes (day): {day_routes}
Walk routes (after dark): {night_advice}
Helpline that worked: {helpline_local}

Solo-friendly score: {solo_score}/5. Crowd: {crowd_level}.","Comment your dest — we'll do the next women-solo audit.","dest_name|state|duration|safe_stay_name|safe_stay_note|avoid_stay_note|day_routes|night_advice|helpline_local|solo_score|crowd_level","9:16 reel intro. Top: 'SOLO · FEMALE · {duration}' Instrument Sans 28pt saffron tracking-wide. Centre title '{dest_name}' Fraunces italic 96pt vermillion. Solo-friendly score chip '{solo_score}/5' bottom-right on saffron pill. Layout: minimal, lots of whitespace.","","15-second 9:16 reel. POV walking through {dest_name} alone — morning street, afternoon cafe, evening market, night stay entrance. Burned-in time-stamps for each scene (07:30 / 14:00 / 18:45 / 21:20). On-screen text overlays for each: 'felt safe' / 'crowded but OK' / 'lit & busy' / 'walked back · 8 min'. No voiceover, ambient only. Sage/saffron text colour, ivory shadow. End frame: helpline card.","9:16","3","Refresh of women_solo_brief feed format. Sensitive — must reflect real verified solo travel by a woman, not synthesised. Skip if helpline_local or safe_stay_name is null. NEVER fabricate solo experience — direct loss of trust."
"v2_yt_food_capital","yt_short","yt_short_only","anti_trap","Visa2explore","Forget {famous_food_city}. {real_food_city} eats it for breakfast.","Everyone says {famous_food_city} for food. We disagree.

{real_food_city}, {state} has:
- {dish_1} at {eatery_1} · ₹{price_1}
- {dish_2} at {eatery_2} · ₹{price_2}
- {dish_3} at {eatery_3} · ₹{price_3}
- {dish_4} at {eatery_4} · ₹{price_4}

All ₹{total_inr} for a full day's eating. Verified {verification_date}.","Comment your underrated food city — we'll audit it next month.","famous_food_city|real_food_city|state|dish_1|eatery_1|price_1|dish_2|eatery_2|price_2|dish_3|eatery_3|price_3|dish_4|eatery_4|price_4|total_inr|verification_date","","","35-second 9:16 YT short. Opens 2s with text-only 'Forget {famous_food_city}.' large vermillion on ivory. 1s pause. Then '{real_food_city} eats it for breakfast.' Cuts to 4 sequential macro food shots (each 5s): {dish_1} → {dish_2} → {dish_3} → {dish_4}. Each has burned-in label '{eatery_n_name} · ₹{price_n}' saffron. Ambient eating sound + light tabla beat. Closes with 10-sec tabulated breakdown + comment CTA. 24fps cinematic. Hindi voiceover variant available.","9:16","2","Hindi variant available — narration in Hindi, English subtitles. Slots into existing yt_short listicle builder (yt_shorts_gen.py _build_listicle). Skip if all 4 dishes aren't verified at named eateries with prices."
"v2_yt_hindi_3things","yt_short","yt_short_only","verification","Mountain Trekker","{name_hi} के बारे में 3 बातें.","{name_hi}, {state}.

1. {tagline_hi}
2. {why_special_hi}
3. NakshIQ का score: {score}/5

Verified · {verification_date}.","तीसरी बात पता थी? कमेंट में बताओ.","name_hi|state|tagline_hi|why_special_hi|score|verification_date","9:16 closing slate for the YT short. Header in Devanagari '3 बातें — {dest_name}' Mukta Bold 80pt vermillion. Three numbered lines below: 'एक: {fact_1_hindi}', 'दो: {fact_2_hindi}', 'तीन: {fact_3_hindi}' Mukta 36pt charcoal. Ivory background. Bottom: 'nakshiq.com / verified {verification_date}' Instrument Sans 22pt.","","30-second 9:16 YT short. Hindi voiceover throughout. Open with {dest_name} establishing shot (3s). Fact 1: 9s footage + voice + Devanagari on-screen. Fact 2: 9s same pattern. Fact 3: 9s. End frame: comment CTA in Hindi. 24fps. Background music: subtle Indian percussion (tabla / sitar drone). Slot into existing _build_did_you_know if extended to 3 facts.","9:16","3","Rewired 2026-05-24 — uses dest.name_hi + tagline_hi + why_special_hi (all populated). Editorial Hindi facts table dropped (not in NakshIQ)."
"v2_yt_local_etiquette","yt_short","yt_short_only","anti_trap","Mountain Trekker","Eating in {dest_name}? Read this first.","Locals in {dest_name} go to {eatery_name} for {hero_dish}.

Why this matters: {why_special}

Around {price_range_inr}.
Verified {verification_date}.","Comment a local food rule from your hometown.","dest_name|state|eatery_name|hero_dish|price_range_inr|why_special|verification_date","9:16 list slate. Top: 'DON'T DO THIS IN' Instrument Sans Bold 32pt saffron, then '{dest_name}' Fraunces italic 96pt vermillion. 5 numbered lines below in 2-column format: left red ❌ wrong, right green ✅ right. Each line one short clause. Ivory bg, subtle grain.","","40-second 9:16 YT short. Open with vermillion 'DON'T DO THIS IN {dest_name}' text (3s). 5 numbered scenes (6s each): each shows the wrong thing (real or staged) crossed out, then the right thing checkmarked. Hindi + English on-screen text overlays. Ambient sound + light tabla. Final 7s: comment CTA card. Slot into _build_dont_go_here yt_short builder. 24fps.","9:16","3","Rewired 2026-05-24 — local food etiquette via dest's signature eatery + hero_dish (already on every dest). 5-wrong/5-right etiquette rules table dropped."
"v2_yt_route_5_stops","yt_short","yt_short_only","discovery","Tanya Khanijow","{route_name}. 5 stops. {total_days} days.","{route_name} · {total_km} km · {total_days} days

01 {stop_1_name} — {stop_1_one_word}
02 {stop_2_name} — {stop_2_one_word}
03 {stop_3_name} — {stop_3_one_word}
04 {stop_4_name} — {stop_4_one_word}
05 {stop_5_name} — {stop_5_one_word}

Best window: {best_months}.
Permits: {permit_note}.","Which stop would you skip? Comment 01–05.","route_name|total_km|total_days|stop_1_name|stop_1_one_word|stop_2_name|stop_2_one_word|stop_3_name|stop_3_one_word|stop_4_name|stop_4_one_word|stop_5_name|stop_5_one_word|best_months|permit_note","9:16 closing slate. Hand-drawn India map outline in vermillion. 5 saffron dots + dashed connector line drawn between them. Title '{route_name}' Fraunces italic 64pt charcoal top. '{total_km} km · {total_days} days' Instrument Sans 32pt charcoal subtitle. Bottom-right small 'nakshiq.com' 22pt.","","45-second 9:16 YT short. 8-sec animated map intro (India outline draws + 5 dots appear). 5 stop reveals × 6s each: each has a 4s establishing clip of the stop + 2s text overlay with stop name + one-word descriptor. Final 7s: full route map + comment CTA. Acoustic guitar music throughout. Slots into _build_listicle yt_short builder with route variant. 24fps cinematic.","9:16","2","Hindi variant available — stop names in Devanagari + voiceover. Pulls from routes API. Skip if route has <5 verified stops or no permit info. Pair with v2_route_animated_map feed reel for cross-platform amplification."
"v2_yt_silent_pov","yt_short","yt_short_only","moment","Varun Aditya","{dest_name}. No voiceover. Just the place.","{dest_name}, {state} — no narration. Watch, listen, decide.

{tagline}

On the ground this month: {note}

Verified {verification_date}. We re-check every destination monthly.","Comment the one place you'd film in silence.","dest_name|state|tagline|note|verification_date","9:16 closing slate. '{dest_name}' Fraunces italic 96pt vermillion on ivory. Below: 'altitude {altitude_m}m · {air_temp_c}°C' JetBrains Mono 32pt charcoal. Small saffron icon for sound waves + '{ambient_sound_list}' Crimson Pro 28pt charcoal italic.","","20-second 9:16 YT short. Pure ambient — NO voiceover, NO music. Just real captured sound from {dest_name} (wind, river, prayer flags flapping, distant bird, footsteps on snow — whatever fits). Single locked-frame or very slow drift shot. On-screen burned-in text appears at 3s: '{dest_name}'. At 12s: 'altitude {altitude_m}m'. At 16s: 'recorded {verification_date}'. Hold final 4s in silence with comment CTA. 24fps cinematic. Slot into _build_did_you_know as silent variant.","9:16","3","Pattern interrupt — Reels feed is loud + fast; silent ambient captures attention. Skip if no real captured ambient audio available (do NOT use stock sound). altitude_m + air_temp_c must be field-measured. [2026-05-20 revised: uses existing data (tagline + monthly note). No air_temp_c/ambient_sound_list editorial fields. Posted as a pre-rendered .mp4 via yt_shorts_gen CSV-YT path.]"
